<?xml version="1.0" ?>
<permissions>
    <privapp-permissions package="com.android.hotwordenrollment.okgoogle">
        <permission name="android.permission.KEYPHRASE_ENROLLMENT_APPLICATION"/>
        <permission name="android.permission.INTERACT_ACROSS_USERS"/>
    </privapp-permissions>
    <privapp-permissions package="com.android.hotwordenrollment.xgoogle">
        <permission name="android.permission.KEYPHRASE_ENROLLMENT_APPLICATION"/>
        <permission name="android.permission.INTERACT_ACROSS_USERS"/>
    </privapp-permissions>
</permissions>
